Workbook

Sheet home
A1: Stock 1 | P1: costco | R1: 0.1 | V1: Microsoft
V2: mcdonalds
A3: Stock 2 | P3: nvidia | R3: 0.8 | V3: nvidia
V4: coca cola
A5: stock 3 | P5: mcdonalds | R5: =100%-(R1+R3) -> 0.1 | V5: costco
R8: =SUM(R1+R3+R5) -> 1
R9: =IF(SUM(R1+R3+R5)=100%,"valid","Must equal 100") -> valid
C10: OVERALL RISK | K10: OVERALL PERFORMANCE
B13: Risk | D13: weights | K13: Performance | M13: weights
A15: beta | B15: =beta!J25 -> 20 | D15: 0.3 | J15: alpha | K15: =alpha!H23 -> 90 | M15: 0.3
A16: stand dev | B16: ='standard deviation'!Y28 -> 20 | D16: 0.4 | J16: returns | K16: ='expected returns'!H18 -> 90 | M16: 0.4
A17: max draw | B17: ='max draw'!N23 -> 20 | D17: 0.3 | J17: sharpe ratio | K17: ='sharpe ratio'!G20 -> 90 | M17: 0.3
C20: =SUMPRODUCT(B15:B17,D15:D17) -> 20 | M20: =SUMPRODUCT(K15:K17,M15:M17) -> 90
C21: {=_xlfn.IFS(C20>=80,"low risk",C20>=60,"moderate risk",C20>=40,"high risk",TRUE,"very high risk")} -> very high risk | M21: {=_xlfn.IFS(M20>=85,"Outstanding performance",M20>=70,"Strong Performance",M20>=55,"Satisfactory Performance",M20>=40,"Below Target",TRUE,"Poor Performance")} -> Outstanding performance

Sheet beta
A1: =home!V1 -> Microsoft | C1: 0.95 | K1: =_xlfn.XLOOKUP(A1,A:A,C:C) -> 0.95
A3: =home!V2 -> mcdonalds | C3: 0.42 | K3: =_xlfn.XLOOKUP(A3,A:A,C:C) -> 0.42
A5: =home!V3 -> nvidia | C5: 2.1 | K5: =_xlfn.XLOOKUP(A5,A:A,C:C) -> 2.1
A7: =home!V4 -> coca cola | C7: 0.35 | K7: =_xlfn.XLOOKUP(A7,A:A,C:C) -> 0.35
A9: =home!V5 -> costco | C9: 0.85 | K9: =_xlfn.XLOOKUP(A9,A:A,C:C) -> 0.85
F16: =home!P1 -> costco | H16: =home!R1 -> 0.1 | J16: =_xlfn.XLOOKUP(F16,A:A,C:C) -> 0.85
F18: =home!P3 -> nvidia | H18: =home!R3 -> 0.8 | J18: =_xlfn.XLOOKUP(F18,A:A,C:C) -> 2.1
F20: =home!P5 -> mcdonalds | H20: =home!R5 -> 0.1 | J20: =_xlfn.XLOOKUP(F20,A:A,C:C) -> 0.42
H23: =SUM(H16+H18+H20) -> 1 | J23: risk
H24: =IF(SUM(H16+H18+H20=100%),"valid","must equal 100%") -> valid | J24: =SUMPRODUCT(H16:H20,J16:J20) -> 1.807
J25: {=_xlfn.IFS(J24<=0.6,100,J24<=0.8,90,J24<=1,80,J24<=1.2,70,J24<=1.4,60,J24<=1.6,50,J24<=1.8,40,J24<=2,20,TRUE,0)} -> 20

Sheet standard deviation
C1: =home!V1 -> Microsoft | E1: 0.28 | K1: =_xlfn.XLOOKUP(C1,C:C,E:E) -> 0.28
C3: =home!V2 -> mcdonalds | E3: 0.2 | K3: =_xlfn.XLOOKUP(C3,C:C,E:E) -> 0.2
C5: =home!V3 -> nvidia | E5: 0.55 | K5: =_xlfn.XLOOKUP(C5,C:C,E:E) -> 0.55
C7: =home!V4 -> coca cola | E7: 0.18 | K7: =_xlfn.XLOOKUP(C7,C:C,E:E) -> 0.18
C9: =home!V5 -> costco | E9: 0.24 | K9: =_xlfn.XLOOKUP(C9,C:C,E:E) -> 0.24
Q10: 0.05
Q11: 0.1
Q12: 0.15
Q13: 0.2 | T13: =home!P1 -> costco | V13: =home!R1 -> 0.1 | X13: =VLOOKUP(T13,C1:E9,3,FALSE) -> 0.24
Q14: 0.25
Q15: 0.3 | T15: =home!P3 -> nvidia | V15: =home!R3 -> 0.8 | X15: =VLOOKUP(T15,C1:E9,3,FALSE) -> 0.55
Q16: 0.35
Q17: 0.4 | T17: =home!P5 -> mcdonalds | V17: =home!R5 -> 0.1 | X17: =VLOOKUP(T17,C1:E9,3,FALSE) -> 0.2
Q18: 0.45
Q19: 0.5 | V19: =SUM(V13+V15+V17) -> 1
Q20: 0.55
Q21: 0.6 | V21: =IF(SUM(V13+V15+V17)=100%,"valid","must add up to 100%") -> valid
Q22: 0.65
Q23: 0.7
Q24: 0.75
Q25: 0.8 | X25: =SUMPRODUCT(V13:V17,X13:X17) -> 0.484
Q26: 0.85 | X26: {=_xlfn.IFS(X25<15%,"low risk",X25<25%,"moderate risk",X25<35%,"high risk",X25>=35%,"high risk")} -> high risk
Q27: 0.9 | W27: {=_xlfn.IFS(X25<15%,4,X25<25%,3,X25<35%,2,X25>=35%,1)} -> 1
Q28: 0.95 | Y28: {=_xlfn.IFS(X25<=0.1,100,X25<=0.15,90,X25<=0.2,80,X25<=0.25,70,X25<=0.3,60,X25<=0.35,50,X25<=0.4,40,X25<=0.45,30,X25<=0.5,20,TRUE,10)} -> 20
Q29: 1

Sheet max draw
C1: =home!V1 -> Microsoft | E1: 0.55 | K1: =_xlfn.XLOOKUP(C1,C:C,E:E) -> 0.55
C3: =home!V2 -> mcdonalds | E3: 0.4 | K3: =_xlfn.XLOOKUP(C3,C:C,E:E) -> 0.4
C5: =home!V3 -> nvidia | E5: 0.83 | K5: =_xlfn.XLOOKUP(C5,C:C,E:E) -> 0.83
C7: =home!V4 -> coca cola | E7: 0.35 | K7: =_xlfn.XLOOKUP(C7,C:C,E:E) -> 0.35
C9: =home!V5 -> costco | E9: 0.32 | K9: =_xlfn.XLOOKUP(C9,C:C,E:E) -> 0.32
J14: =home!P1 -> costco | L14: =home!R1 -> 0.1 | N14: =_xlfn.XLOOKUP(J14,C:C,E:E) -> 0.32
J16: =home!P3 -> nvidia | L16: =home!R3 -> 0.8 | N16: =_xlfn.XLOOKUP(J16,C:C,E:E) -> 0.83
J18: =home!P5 -> mcdonalds | L18: =home!R5 -> 0.1 | N18: =_xlfn.XLOOKUP(J18,C:C,E:E) -> 0.4
L20: =SUM(L14+L16+L18) -> 1
L21: =IF(SUM(L14+L16+L18)=100%,"valid","must add up to 100%") -> valid | N21: =SUMPRODUCT(L14:L18,N14:N18) -> 0.736
N23: {=_xlfn.IFS(N21<=0.1,100,N21<=0.2,80,N21<=0.3,60,N21<=0.4,40,TRUE,20)} -> 20

Sheet expected returns
A1: =home!V1 -> Microsoft | C1: 0.12 | E1: =_xlfn.XLOOKUP(A1,A:A,C:C) -> 0.12
A2: =home!V2 -> mcdonalds | C2: 0.09 | E2: =_xlfn.XLOOKUP(A2,A:A,C:C) -> 0.09
A3: =home!V3 -> nvidia | C3: 0.18 | E3: =_xlfn.XLOOKUP(A3,A:A,C:C) -> 0.18
A4: =home!V4 -> coca cola | C4: 0.07 | E4: =_xlfn.XLOOKUP(A4,A:A,C:C) -> 0.07
A5: =home!V5 -> costco | C5: 0.11 | E5: =_xlfn.XLOOKUP(A5,A:A,C:C) -> 0.11
D10: =home!P1 -> costco | F10: =home!R1 -> 0.1 | H10: =_xlfn.XLOOKUP(D10,A:A,C:C) -> 0.11
D12: =home!P3 -> nvidia | F12: =home!R3 -> 0.8 | H12: =_xlfn.XLOOKUP(D12,A:A,C:C) -> 0.18
D14: =home!P5 -> mcdonalds | F14: =home!R5 -> 0.1 | H14: =_xlfn.XLOOKUP(D14,A:A,C:C) -> 0.09
H17: =SUMPRODUCT(F10:F14,H10:H14) -> 0.164
H18: {=_xlfn.IFS(H17>=0.18,100,H17>=0.16,90,H17>=0.14,80,H17>=0.12,70,H17>=0.1,60,H17>=0.08,50,H17>=0.06,40,H17>=0.04,30,H17>=0.02,20,TRUE,10)} -> 90

Sheet alpha
A1: =home!V1 -> Microsoft | C1: 0.025 | E1: =_xlfn.XLOOKUP(A1,A:A,C:C) -> 0.025
A2: =home!V2 -> mcdonalds | C2: 0.01 | E2: =_xlfn.XLOOKUP(A2,A:A,C:C) -> 0.01
A3: =home!V3 -> nvidia | C3: 0.05 | E3: =_xlfn.XLOOKUP(A3,A:A,C:C) -> 0.05
A4: =home!V4 -> coca cola | C4: 0.005 | E4: =_xlfn.XLOOKUP(A4,A:A,C:C) -> 0.005
A5: =home!V5 -> costco | C5: 0.018 | E5: =_xlfn.XLOOKUP(A5,A:A,C:C) -> 0.018
D14: =home!P1 -> costco | F14: =home!R1 -> 0.1 | H14: =_xlfn.XLOOKUP(D14,A:A,C:C) -> 0.018
D16: =home!P3 -> nvidia | F16: =home!R3 -> 0.8 | H16: =_xlfn.XLOOKUP(D16,A:A,C:C) -> 0.05
D18: =home!P5 -> mcdonalds | F18: =home!R5 -> 0.1 | H18: =_xlfn.XLOOKUP(D18,A:A,C:C) -> 0.01
F20: =SUM(F14+F16+F18) -> 1
H22: =SUMPRODUCT(F14:F18,H14:H18) -> 0.0428
H23: {=_xlfn.IFS(H22>=0.05,100,H22>=0.03,90,H22>=0.02,80,H22>=0.01,70,H22>=0,60,H22>=-0.01,40,H22>=-0.02,20,TRUE,0)} -> 90

Sheet sharpe ratio
A1: =home!V1 -> Microsoft | C1: 1.1 | E1: =_xlfn.XLOOKUP(A1,A:A,C:C) -> 1.1
A2: =home!V2 -> mcdonalds | C2: 0.85 | E2: =_xlfn.XLOOKUP(A2,A:A,C:C) -> 0.85
A3: =home!V3 -> nvidia | C3: 1.3 | E3: =_xlfn.XLOOKUP(A3,A:A,C:C) -> 1.3
A4: =home!V4 -> coca cola | C4: 0.75 | E4: =_xlfn.XLOOKUP(A4,A:A,C:C) -> 0.75
A5: =home!V5 -> costco | C5: 0.95 | E5: =_xlfn.XLOOKUP(A5,A:A,C:C) -> 0.95
C12: =home!P1 -> costco | E12: =home!R1 -> 0.1 | G12: =_xlfn.XLOOKUP(C12,A:A,C:C) -> 0.95
C14: =home!P3 -> nvidia | E14: =home!R3 -> 0.8 | G14: =_xlfn.XLOOKUP(C14,A:A,C:C) -> 1.3
C16: =home!P5 -> mcdonalds | E16: =home!R5 -> 0.1 | G16: =_xlfn.XLOOKUP(C16,A:A,C:C) -> 0.85
E18: =SUM(E12+E14+E16) -> 1
G19: =SUMPRODUCT(E12:E16,G12:G16) -> 1.22
G20: {=_xlfn.IFS(G19>=1.5,100,G19>=1.2,90,G19>=1,80,G19>=0.8,70,G19>=0.6,60,G19>=0.4,40,G19>=0.2,20,TRUE,0)} -> 90

Sheet portfolio beta

Sheet Sheet1
H5: weights
F9: mcdonalds | H9: 0.1 | J9: =_xlfn.XLOOKUP(F9,F:F,beta!H:H) -> 0
F11: coca cola | H11: 0.75 | J11: =_xlfn.XLOOKUP(F11,F:F,beta!H:H) -> 0
F13: mcdonalds | H13: 0.2 | J13: =_xlfn.XLOOKUP(F13,F:F,beta!H:H) -> 0
H16: =SUM(H9+H11+H13) -> 1.05
G18: =IF(SUM(H9+H11+H13)=100%,"valid","must add up to 100%") -> must add up to 100%
J19: =SUMPRODUCT(H9:H13,J9:J13) -> 0
